{
  "version-2.0.0/someSidebar": [
    {
      "collapsed": true,
      "type": "category",
      "label": "Intro",
      "items": [
        {
          "type": "doc",
          "id": "version-2.0.0/index"
        }
      ]
    },
    {
      "collapsed": true,
      "type": "category",
      "label": "All Action Servers",
      "items": [
        {
          "type": "doc",
          "id": "version-2.0.0/actions"
        },
        {
          "type": "doc",
          "id": "version-2.0.0/events"
        }
      ]
    },
    {
      "collapsed": true,
      "type": "category",
      "label": "Rasa SDK",
      "items": [
        {
          "type": "doc",
          "id": "version-2.0.0/running-action-server"
        },
        {
          "collapsed": true,
          "type": "category",
          "label": "Writing Custom Actions",
          "items": [
            {
              "type": "doc",
              "id": "version-2.0.0/sdk-actions"
            },
            {
              "type": "doc",
              "id": "version-2.0.0/sdk-tracker"
            },
            {
              "type": "doc",
              "id": "version-2.0.0/sdk-dispatcher"
            },
            {
              "type": "doc",
              "id": "version-2.0.0/sdk-events"
            },
            {
              "collapsed": true,
              "type": "category",
              "label": "Special Action Types",
              "items": [
                {
                  "type": "doc",
                  "id": "version-2.0.0/knowledge-bases"
                }
              ]
            }
          ]
        },
        {
          "type": "doc",
          "id": "version-2.0.0/rasa-sdk-changelog"
        }
      ]
    },
    {
      "collapsed": true,
      "type": "category",
      "label": "HTTP API",
      "items": [
        {
          "type": "doc",
          "id": "version-2.0.0/about-http-api"
        }
      ]
    }
  ]
}
