{
  "docusaurus-plugin-redoc": {
    "rasa-sdk-http-api": {
      "type": "object",
      "content": {
        "openapi": "3.0.2",
        "info": {
          "title": "Rasa Custom Action Server Required Endpoint",
          "description": "API of the action server which is used by Rasa to execute custom actions."
        },
        "servers": [
          {
            "url": "/webhook",
            "description": "Local development action server"
          }
        ],
        "paths": {
          "/": {
            "post": {
              "summary": "Request to execute a custom action",
              "description": "Rasa dialogue management sends a request to the action server to execute a certain custom action. As a response to the action call from Rasa, you can modify the tracker, e.g. by setting slots and send responses back to the user.",
              "operationId": "call_action",
              "requestBody": {
                "description": "Describes the action to be called and provides information on the current state of the conversation.",
                "required": true,
                "content": {
                  "application/json": {
                    "schema": {
                      "type": "object",
                      "properties": {
                        "next_action": {
                          "description": "The name of the action which should be executed.",
                          "type": "string"
                        },
                        "sender_id": {
                          "description": "Unique id of the user who is having the current conversation.",
                          "type": "string"
                        },
                        "tracker": {
                          "$ref": "./rasa.yml#/components/schemas/Tracker"
                        },
                        "domain": {
                          "$ref": "./rasa.yml#/components/schemas/Domain"
                        }
                      }
                    }
                  }
                }
              },
              "responses": {
                "200": {
                  "description": "Action was executed successfully.",
                  "content": {
                    "application/json": {
                      "schema": {
                        "type": "object",
                        "properties": {
                          "events": {
                            "description": "Events returned by the action.",
                            "type": "array",
                            "items": {
                              "$ref": "./rasa.yml#/components/schemas/Event"
                            }
                          },
                          "responses": {
                            "description": "List of responses which should be sent to the user",
                            "type": "array",
                            "items": {
                              "$ref": "#/components/schemas/Response"
                            }
                          }
                        }
                      }
                    }
                  }
                },
                "400": {
                  "description": "Action execution was rejected. This is the same as returning an `ActionExecutionRejected` event.",
                  "content": {
                    "application/json": {
                      "schema": {
                        "type": "object",
                        "properties": {
                          "action_name": {
                            "type": "string",
                            "description": "Name of the action which rejected its execution."
                          },
                          "error": {
                            "type": "string",
                            "description": "The error message."
                          }
                        }
                      }
                    }
                  }
                },
                "500": {
                  "description": "The action server encountered an exception while running the action."
                }
              }
            }
          }
        },
        "components": {
          "schemas": {
            "Response": {
              "allOf": [
                {
                  "$ref": "#/components/schemas/TextResponse"
                },
                {
                  "$ref": "#/components/schemas/ButtonResponse"
                },
                {
                  "$ref": "#/components/schemas/ElementResponse"
                },
                {
                  "$ref": "#/components/schemas/CustomResponse"
                },
                {
                  "$ref": "#/components/schemas/ImageResponse"
                },
                {
                  "$ref": "#/components/schemas/AttachmentResponse"
                },
                {
                  "$ref": "#/components/schemas/TemplateResponse"
                },
                {
                  "$ref": "#/components/schemas/ResponseResponse"
                }
              ]
            },
            "TextResponse": {
              "description": "Text which the bot should utter.",
              "type": "object",
              "properties": {
                "text": {
                  "description": "The text which should be uttered.",
                  "type": "string"
                }
              },
              "required": [
                "text"
              ]
            },
            "TemplateResponse": {
              "description": "Response template the bot should utter.",
              "type": "object",
              "properties": {
                "template": {
                  "description": "Name of the template",
                  "type": "string"
                }
              },
              "additionalProperties": {
                "description": "Keyword argument to fill the template",
                "type": "string"
              }
            },
            "ResponseResponse": {
              "description": "Response the bot should utter.",
              "type": "object",
              "properties": {
                "response": {
                  "description": "Name of the response",
                  "type": "string"
                }
              },
              "additionalProperties": {
                "description": "Keyword argument to fill the response",
                "type": "string"
              },
              "required": [
                "response"
              ]
            },
            "ButtonResponse": {
              "description": "Buttons which should be sent to the user.",
              "type": "object",
              "properties": {
                "buttons": {
                  "type": "array",
                  "items": {
                    "$ref": "#/components/schemas/Button"
                  }
                }
              }
            },
            "ElementResponse": {
              "description": "Custom elements which should be sent to the user.",
              "type": "object",
              "properties": {
                "elements": {
                  "type": "array"
                }
              }
            },
            "CustomResponse": {
              "description": "Custom elements which should be sent to the user.",
              "type": "object",
              "properties": {
                "custom": {
                  "type": "object"
                }
              }
            },
            "ImageResponse": {
              "description": "Image URL to send to the user",
              "type": "object",
              "properties": {
                "image": {
                  "type": "string"
                }
              }
            },
            "AttachmentResponse": {
              "description": "Attachment URL to send to the user",
              "type": "object",
              "properties": {
                "attachment": {
                  "type": "string"
                }
              }
            },
            "Button": {
              "description": "A button which can be clicked by the user in the conversation.",
              "type": "object",
              "properties": {
                "title": {
                  "type": "string",
                  "description": "The text on the button"
                },
                "payload": {
                  "type": "string",
                  "description": "Payload which is sent if the button is pressed."
                }
              }
            }
          }
        }
      }
    }
  },
  "docusaurus-theme-redoc": {
    "default": {
      "lightTheme": {
        "colors": {
          "primary": {
            "main": "#25c2a0"
          }
        },
        "typography": {
          "fontFamily": "var(--ifm-font-family-base)",
          "fontSize": "var(--ifm-font-size-base)",
          "lineHeight": "var(--ifm-line-height-base)",
          "fontWeightLight": "var(--ifm-font-weight-light)",
          "fontWeightRegular": "var(--ifm-font-weight-base)",
          "fontWeightBold": "var(--ifm-font-weight-bold)",
          "headings": {
            "fontFamily": "var(--ifm-font-family-base)",
            "fontWeight": "var(--ifm-font-weight-semibold)",
            "lineHeight": "var(--ifm-line-height-base)"
          },
          "code": {
            "fontFamily": "var(--ifm-font-family-monospace)",
            "lineHeight": "var(--ifm-pre-line-height)"
          }
        },
        "sidebar": {
          "width": "300px",
          "backgroundColor": "#ffffff"
        },
        "rightPanel": {
          "backgroundColor": "#303846"
        }
      },
      "darkTheme": {
        "colors": {
          "primary": {
            "main": "#25c2a0"
          },
          "text": {
            "primary": "#f5f6f7",
            "secondary": "rgba(255, 255, 255, 1)"
          },
          "gray": {
            "50": "#FAFAFA",
            "100": "#F5F5F5"
          },
          "border": {
            "dark": "#ffffff",
            "light": "rgba(0,0,0, 0.1)"
          }
        },
        "typography": {
          "fontFamily": "var(--ifm-font-family-base)",
          "fontSize": "var(--ifm-font-size-base)",
          "lineHeight": "var(--ifm-line-height-base)",
          "fontWeightLight": "var(--ifm-font-weight-light)",
          "fontWeightRegular": "var(--ifm-font-weight-base)",
          "fontWeightBold": "var(--ifm-font-weight-bold)",
          "headings": {
            "fontFamily": "var(--ifm-font-family-base)",
            "fontWeight": "var(--ifm-font-weight-semibold)",
            "lineHeight": "var(--ifm-line-height-base)"
          },
          "code": {
            "fontFamily": "var(--ifm-font-family-monospace)",
            "lineHeight": "var(--ifm-pre-line-height)"
          }
        },
        "sidebar": {
          "width": "300px",
          "backgroundColor": "rgb(24, 25, 26)",
          "textColor": "#f5f6f7",
          "arrow": {
            "color": "#f5f6f7"
          }
        },
        "rightPanel": {
          "backgroundColor": "#303846"
        },
        "schema": {
          "nestedBackground": "rgb(24, 25, 26)",
          "typeNameColor": "rgba(255, 255, 255, 1)",
          "typeTitleColor": "rgba(255, 255, 255, 1)"
        }
      },
      "redocOptions": {
        "scrollYOffset": "nav.navbar",
        "hideDownloadButton": true,
        "expandSingleSchemaField": true,
        "menuToggle": true,
        "suppressWarnings": true
      }
    }
  },
  "docusaurus-plugin-content-docs": {
    "default": {
      "path": "/docs/rasa-sdk/",
      "versions": [
        {
          "name": "3.x",
          "label": "3.x",
          "isLast": true,
          "path": "/docs/rasa-sdk/",
          "mainDocId": "index",
          "docs": [
            {
              "id": "actions",
              "path": "/docs/rasa-sdk/actions",
              "sidebar": "version-3.x/someSidebar"
            },
            {
              "id": "deploy-action-server",
              "path": "/docs/rasa-sdk/deploy-action-server"
            },
            {
              "id": "events",
              "path": "/docs/rasa-sdk/events",
              "sidebar": "version-3.x/someSidebar"
            },
            {
              "id": "index",
              "path": "/docs/rasa-sdk/",
              "sidebar": "version-3.x/someSidebar"
            },
            {
              "id": "knowledge-bases",
              "path": "/docs/rasa-sdk/knowledge-bases",
              "sidebar": "version-3.x/someSidebar"
            },
            {
              "id": "rasa-sdk-changelog",
              "path": "/docs/rasa-sdk/rasa-sdk-changelog",
              "sidebar": "version-3.x/someSidebar"
            },
            {
              "id": "running-action-server",
              "path": "/docs/rasa-sdk/running-action-server",
              "sidebar": "version-3.x/someSidebar"
            },
            {
              "id": "sdk-actions",
              "path": "/docs/rasa-sdk/sdk-actions",
              "sidebar": "version-3.x/someSidebar"
            },
            {
              "id": "sdk-dispatcher",
              "path": "/docs/rasa-sdk/sdk-dispatcher",
              "sidebar": "version-3.x/someSidebar"
            },
            {
              "id": "sdk-events",
              "path": "/docs/rasa-sdk/sdk-events",
              "sidebar": "version-3.x/someSidebar"
            },
            {
              "id": "sdk-tracker",
              "path": "/docs/rasa-sdk/sdk-tracker",
              "sidebar": "version-3.x/someSidebar"
            },
            {
              "id": "validation-action",
              "path": "/docs/rasa-sdk/validation-action",
              "sidebar": "version-3.x/someSidebar"
            }
          ]
        },
        {
          "name": "2.8.0",
          "label": "2.8.0",
          "isLast": false,
          "path": "/docs/rasa-sdk/2.8.0",
          "mainDocId": "index",
          "docs": [
            {
              "id": "actions",
              "path": "/docs/rasa-sdk/2.8.0/actions",
              "sidebar": "version-2.8.0/someSidebar"
            },
            {
              "id": "events",
              "path": "/docs/rasa-sdk/2.8.0/events",
              "sidebar": "version-2.8.0/someSidebar"
            },
            {
              "id": "index",
              "path": "/docs/rasa-sdk/2.8.0/",
              "sidebar": "version-2.8.0/someSidebar"
            },
            {
              "id": "knowledge-bases",
              "path": "/docs/rasa-sdk/2.8.0/knowledge-bases",
              "sidebar": "version-2.8.0/someSidebar"
            },
            {
              "id": "rasa-sdk-changelog",
              "path": "/docs/rasa-sdk/2.8.0/rasa-sdk-changelog",
              "sidebar": "version-2.8.0/someSidebar"
            },
            {
              "id": "running-action-server",
              "path": "/docs/rasa-sdk/2.8.0/running-action-server",
              "sidebar": "version-2.8.0/someSidebar"
            },
            {
              "id": "sdk-actions",
              "path": "/docs/rasa-sdk/2.8.0/sdk-actions",
              "sidebar": "version-2.8.0/someSidebar"
            },
            {
              "id": "sdk-dispatcher",
              "path": "/docs/rasa-sdk/2.8.0/sdk-dispatcher",
              "sidebar": "version-2.8.0/someSidebar"
            },
            {
              "id": "sdk-events",
              "path": "/docs/rasa-sdk/2.8.0/sdk-events",
              "sidebar": "version-2.8.0/someSidebar"
            },
            {
              "id": "sdk-tracker",
              "path": "/docs/rasa-sdk/2.8.0/sdk-tracker",
              "sidebar": "version-2.8.0/someSidebar"
            }
          ]
        },
        {
          "name": "2.7.0",
          "label": "2.7.0",
          "isLast": false,
          "path": "/docs/rasa-sdk/2.7.0",
          "mainDocId": "index",
          "docs": [
            {
              "id": "actions",
              "path": "/docs/rasa-sdk/2.7.0/actions",
              "sidebar": "version-2.7.0/someSidebar"
            },
            {
              "id": "events",
              "path": "/docs/rasa-sdk/2.7.0/events",
              "sidebar": "version-2.7.0/someSidebar"
            },
            {
              "id": "index",
              "path": "/docs/rasa-sdk/2.7.0/",
              "sidebar": "version-2.7.0/someSidebar"
            },
            {
              "id": "knowledge-bases",
              "path": "/docs/rasa-sdk/2.7.0/knowledge-bases",
              "sidebar": "version-2.7.0/someSidebar"
            },
            {
              "id": "rasa-sdk-changelog",
              "path": "/docs/rasa-sdk/2.7.0/rasa-sdk-changelog",
              "sidebar": "version-2.7.0/someSidebar"
            },
            {
              "id": "running-action-server",
              "path": "/docs/rasa-sdk/2.7.0/running-action-server",
              "sidebar": "version-2.7.0/someSidebar"
            },
            {
              "id": "sdk-actions",
              "path": "/docs/rasa-sdk/2.7.0/sdk-actions",
              "sidebar": "version-2.7.0/someSidebar"
            },
            {
              "id": "sdk-dispatcher",
              "path": "/docs/rasa-sdk/2.7.0/sdk-dispatcher",
              "sidebar": "version-2.7.0/someSidebar"
            },
            {
              "id": "sdk-events",
              "path": "/docs/rasa-sdk/2.7.0/sdk-events",
              "sidebar": "version-2.7.0/someSidebar"
            },
            {
              "id": "sdk-tracker",
              "path": "/docs/rasa-sdk/2.7.0/sdk-tracker",
              "sidebar": "version-2.7.0/someSidebar"
            }
          ]
        },
        {
          "name": "2.6.0",
          "label": "2.6.0",
          "isLast": false,
          "path": "/docs/rasa-sdk/2.6.0",
          "mainDocId": "index",
          "docs": [
            {
              "id": "actions",
              "path": "/docs/rasa-sdk/2.6.0/actions",
              "sidebar": "version-2.6.0/someSidebar"
            },
            {
              "id": "events",
              "path": "/docs/rasa-sdk/2.6.0/events",
              "sidebar": "version-2.6.0/someSidebar"
            },
            {
              "id": "index",
              "path": "/docs/rasa-sdk/2.6.0/",
              "sidebar": "version-2.6.0/someSidebar"
            },
            {
              "id": "knowledge-bases",
              "path": "/docs/rasa-sdk/2.6.0/knowledge-bases",
              "sidebar": "version-2.6.0/someSidebar"
            },
            {
              "id": "rasa-sdk-changelog",
              "path": "/docs/rasa-sdk/2.6.0/rasa-sdk-changelog",
              "sidebar": "version-2.6.0/someSidebar"
            },
            {
              "id": "running-action-server",
              "path": "/docs/rasa-sdk/2.6.0/running-action-server",
              "sidebar": "version-2.6.0/someSidebar"
            },
            {
              "id": "sdk-actions",
              "path": "/docs/rasa-sdk/2.6.0/sdk-actions",
              "sidebar": "version-2.6.0/someSidebar"
            },
            {
              "id": "sdk-dispatcher",
              "path": "/docs/rasa-sdk/2.6.0/sdk-dispatcher",
              "sidebar": "version-2.6.0/someSidebar"
            },
            {
              "id": "sdk-events",
              "path": "/docs/rasa-sdk/2.6.0/sdk-events",
              "sidebar": "version-2.6.0/someSidebar"
            },
            {
              "id": "sdk-tracker",
              "path": "/docs/rasa-sdk/2.6.0/sdk-tracker",
              "sidebar": "version-2.6.0/someSidebar"
            }
          ]
        },
        {
          "name": "2.5.0",
          "label": "2.5.0",
          "isLast": false,
          "path": "/docs/rasa-sdk/2.5.0",
          "mainDocId": "index",
          "docs": [
            {
              "id": "actions",
              "path": "/docs/rasa-sdk/2.5.0/actions",
              "sidebar": "version-2.5.0/someSidebar"
            },
            {
              "id": "events",
              "path": "/docs/rasa-sdk/2.5.0/events",
              "sidebar": "version-2.5.0/someSidebar"
            },
            {
              "id": "index",
              "path": "/docs/rasa-sdk/2.5.0/",
              "sidebar": "version-2.5.0/someSidebar"
            },
            {
              "id": "knowledge-bases",
              "path": "/docs/rasa-sdk/2.5.0/knowledge-bases",
              "sidebar": "version-2.5.0/someSidebar"
            },
            {
              "id": "rasa-sdk-changelog",
              "path": "/docs/rasa-sdk/2.5.0/rasa-sdk-changelog",
              "sidebar": "version-2.5.0/someSidebar"
            },
            {
              "id": "running-action-server",
              "path": "/docs/rasa-sdk/2.5.0/running-action-server",
              "sidebar": "version-2.5.0/someSidebar"
            },
            {
              "id": "sdk-actions",
              "path": "/docs/rasa-sdk/2.5.0/sdk-actions",
              "sidebar": "version-2.5.0/someSidebar"
            },
            {
              "id": "sdk-dispatcher",
              "path": "/docs/rasa-sdk/2.5.0/sdk-dispatcher",
              "sidebar": "version-2.5.0/someSidebar"
            },
            {
              "id": "sdk-events",
              "path": "/docs/rasa-sdk/2.5.0/sdk-events",
              "sidebar": "version-2.5.0/someSidebar"
            },
            {
              "id": "sdk-tracker",
              "path": "/docs/rasa-sdk/2.5.0/sdk-tracker",
              "sidebar": "version-2.5.0/someSidebar"
            }
          ]
        },
        {
          "name": "2.4.0",
          "label": "2.4.0",
          "isLast": false,
          "path": "/docs/rasa-sdk/2.4.0",
          "mainDocId": "index",
          "docs": [
            {
              "id": "actions",
              "path": "/docs/rasa-sdk/2.4.0/actions",
              "sidebar": "version-2.4.0/someSidebar"
            },
            {
              "id": "events",
              "path": "/docs/rasa-sdk/2.4.0/events",
              "sidebar": "version-2.4.0/someSidebar"
            },
            {
              "id": "index",
              "path": "/docs/rasa-sdk/2.4.0/",
              "sidebar": "version-2.4.0/someSidebar"
            },
            {
              "id": "knowledge-bases",
              "path": "/docs/rasa-sdk/2.4.0/knowledge-bases",
              "sidebar": "version-2.4.0/someSidebar"
            },
            {
              "id": "rasa-sdk-changelog",
              "path": "/docs/rasa-sdk/2.4.0/rasa-sdk-changelog",
              "sidebar": "version-2.4.0/someSidebar"
            },
            {
              "id": "running-action-server",
              "path": "/docs/rasa-sdk/2.4.0/running-action-server",
              "sidebar": "version-2.4.0/someSidebar"
            },
            {
              "id": "sdk-actions",
              "path": "/docs/rasa-sdk/2.4.0/sdk-actions",
              "sidebar": "version-2.4.0/someSidebar"
            },
            {
              "id": "sdk-dispatcher",
              "path": "/docs/rasa-sdk/2.4.0/sdk-dispatcher",
              "sidebar": "version-2.4.0/someSidebar"
            },
            {
              "id": "sdk-events",
              "path": "/docs/rasa-sdk/2.4.0/sdk-events",
              "sidebar": "version-2.4.0/someSidebar"
            },
            {
              "id": "sdk-tracker",
              "path": "/docs/rasa-sdk/2.4.0/sdk-tracker",
              "sidebar": "version-2.4.0/someSidebar"
            }
          ]
        },
        {
          "name": "2.3.0",
          "label": "2.3.0",
          "isLast": false,
          "path": "/docs/rasa-sdk/2.3.0",
          "mainDocId": "index",
          "docs": [
            {
              "id": "actions",
              "path": "/docs/rasa-sdk/2.3.0/actions",
              "sidebar": "version-2.3.0/someSidebar"
            },
            {
              "id": "events",
              "path": "/docs/rasa-sdk/2.3.0/events",
              "sidebar": "version-2.3.0/someSidebar"
            },
            {
              "id": "index",
              "path": "/docs/rasa-sdk/2.3.0/",
              "sidebar": "version-2.3.0/someSidebar"
            },
            {
              "id": "knowledge-bases",
              "path": "/docs/rasa-sdk/2.3.0/knowledge-bases",
              "sidebar": "version-2.3.0/someSidebar"
            },
            {
              "id": "rasa-sdk-changelog",
              "path": "/docs/rasa-sdk/2.3.0/rasa-sdk-changelog",
              "sidebar": "version-2.3.0/someSidebar"
            },
            {
              "id": "running-action-server",
              "path": "/docs/rasa-sdk/2.3.0/running-action-server",
              "sidebar": "version-2.3.0/someSidebar"
            },
            {
              "id": "sdk-actions",
              "path": "/docs/rasa-sdk/2.3.0/sdk-actions",
              "sidebar": "version-2.3.0/someSidebar"
            },
            {
              "id": "sdk-dispatcher",
              "path": "/docs/rasa-sdk/2.3.0/sdk-dispatcher",
              "sidebar": "version-2.3.0/someSidebar"
            },
            {
              "id": "sdk-events",
              "path": "/docs/rasa-sdk/2.3.0/sdk-events",
              "sidebar": "version-2.3.0/someSidebar"
            },
            {
              "id": "sdk-tracker",
              "path": "/docs/rasa-sdk/2.3.0/sdk-tracker",
              "sidebar": "version-2.3.0/someSidebar"
            }
          ]
        },
        {
          "name": "2.2.0",
          "label": "2.2.0",
          "isLast": false,
          "path": "/docs/rasa-sdk/2.2.0",
          "mainDocId": "index",
          "docs": [
            {
              "id": "about-http-api",
              "path": "/docs/rasa-sdk/2.2.0/about-http-api",
              "sidebar": "version-2.2.0/someSidebar"
            },
            {
              "id": "actions",
              "path": "/docs/rasa-sdk/2.2.0/actions",
              "sidebar": "version-2.2.0/someSidebar"
            },
            {
              "id": "events",
              "path": "/docs/rasa-sdk/2.2.0/events",
              "sidebar": "version-2.2.0/someSidebar"
            },
            {
              "id": "index",
              "path": "/docs/rasa-sdk/2.2.0/",
              "sidebar": "version-2.2.0/someSidebar"
            },
            {
              "id": "knowledge-bases",
              "path": "/docs/rasa-sdk/2.2.0/knowledge-bases",
              "sidebar": "version-2.2.0/someSidebar"
            },
            {
              "id": "rasa-sdk-changelog",
              "path": "/docs/rasa-sdk/2.2.0/rasa-sdk-changelog",
              "sidebar": "version-2.2.0/someSidebar"
            },
            {
              "id": "running-action-server",
              "path": "/docs/rasa-sdk/2.2.0/running-action-server",
              "sidebar": "version-2.2.0/someSidebar"
            },
            {
              "id": "sdk-actions",
              "path": "/docs/rasa-sdk/2.2.0/sdk-actions",
              "sidebar": "version-2.2.0/someSidebar"
            },
            {
              "id": "sdk-dispatcher",
              "path": "/docs/rasa-sdk/2.2.0/sdk-dispatcher",
              "sidebar": "version-2.2.0/someSidebar"
            },
            {
              "id": "sdk-events",
              "path": "/docs/rasa-sdk/2.2.0/sdk-events",
              "sidebar": "version-2.2.0/someSidebar"
            },
            {
              "id": "sdk-tracker",
              "path": "/docs/rasa-sdk/2.2.0/sdk-tracker",
              "sidebar": "version-2.2.0/someSidebar"
            }
          ]
        },
        {
          "name": "2.0.0",
          "label": "2.0.0",
          "isLast": false,
          "path": "/docs/rasa-sdk/2.0.0",
          "mainDocId": "index",
          "docs": [
            {
              "id": "about-http-api",
              "path": "/docs/rasa-sdk/2.0.0/about-http-api",
              "sidebar": "version-2.0.0/someSidebar"
            },
            {
              "id": "actions",
              "path": "/docs/rasa-sdk/2.0.0/actions",
              "sidebar": "version-2.0.0/someSidebar"
            },
            {
              "id": "events",
              "path": "/docs/rasa-sdk/2.0.0/events",
              "sidebar": "version-2.0.0/someSidebar"
            },
            {
              "id": "index",
              "path": "/docs/rasa-sdk/2.0.0/",
              "sidebar": "version-2.0.0/someSidebar"
            },
            {
              "id": "knowledge-bases",
              "path": "/docs/rasa-sdk/2.0.0/knowledge-bases",
              "sidebar": "version-2.0.0/someSidebar"
            },
            {
              "id": "rasa-sdk-changelog",
              "path": "/docs/rasa-sdk/2.0.0/rasa-sdk-changelog",
              "sidebar": "version-2.0.0/someSidebar"
            },
            {
              "id": "running-action-server",
              "path": "/docs/rasa-sdk/2.0.0/running-action-server",
              "sidebar": "version-2.0.0/someSidebar"
            },
            {
              "id": "sdk-actions",
              "path": "/docs/rasa-sdk/2.0.0/sdk-actions",
              "sidebar": "version-2.0.0/someSidebar"
            },
            {
              "id": "sdk-dispatcher",
              "path": "/docs/rasa-sdk/2.0.0/sdk-dispatcher",
              "sidebar": "version-2.0.0/someSidebar"
            },
            {
              "id": "sdk-events",
              "path": "/docs/rasa-sdk/2.0.0/sdk-events",
              "sidebar": "version-2.0.0/someSidebar"
            },
            {
              "id": "sdk-tracker",
              "path": "/docs/rasa-sdk/2.0.0/sdk-tracker",
              "sidebar": "version-2.0.0/someSidebar"
            }
          ]
        }
      ]
    }
  }
}