{
  "/docs/rasa-sdk/apis/http/-b86": {
    "component": "component---theme-api-docf-0-a-77e",
    "spec": "spec---docs-rasa-sdk-apis-http-d-9-e-581",
    "layoutProps": "layoutProps---docs-rasa-sdk-apis-http-4-f-7-e03"
  },
  "/docs/rasa-sdk/search/-60c": {
    "component": "component---users-lunelson-git-rasahq-docusaurus-tabula-node-modules-docusaurus-theme-search-algolia-lib-theme-search-page-index-jsc-69-1b8"
  },
  "/docs/rasa-sdk/2.0.0/-614": {
    "component": "component---theme-doc-page-1-be-9be",
    "versionMetadata": "versionMetadata---docs-rasa-sdk-2-0-0-9-aa-df7"
  },
  "/docs/rasa-sdk/2.0.0/-69c": {
    "component": "component---theme-doc-item-178-a40",
    "content": "content---docs-rasa-sdk-2-0-0-c-74-674"
  },
  "/docs/rasa-sdk/2.0.0/about-http-api/-cec": {
    "component": "component---theme-doc-item-178-a40",
    "content": "content---docs-rasa-sdk-2-0-0-about-http-api-5-b-1-00e"
  },
  "/docs/rasa-sdk/2.0.0/actions/-a30": {
    "component": "component---theme-doc-item-178-a40",
    "content": "content---docs-rasa-sdk-2-0-0-actions-d-6-c-325"
  },
  "/docs/rasa-sdk/2.0.0/events/-187": {
    "component": "component---theme-doc-item-178-a40",
    "content": "content---docs-rasa-sdk-2-0-0-events-c-38-9ef"
  },
  "/docs/rasa-sdk/2.0.0/knowledge-bases/-250": {
    "component": "component---theme-doc-item-178-a40",
    "content": "content---docs-rasa-sdk-2-0-0-knowledge-bases-6-f-8-367"
  },
  "/docs/rasa-sdk/2.0.0/rasa-sdk-changelog/-6fa": {
    "component": "component---theme-doc-item-178-a40",
    "content": "content---docs-rasa-sdk-2-0-0-rasa-sdk-changelog-fd-9-8f0"
  },
  "/docs/rasa-sdk/2.0.0/running-action-server/-614": {
    "component": "component---theme-doc-item-178-a40",
    "content": "content---docs-rasa-sdk-2-0-0-running-action-server-81-d-fb0"
  },
  "/docs/rasa-sdk/2.0.0/sdk-actions/-b1d": {
    "component": "component---theme-doc-item-178-a40",
    "content": "content---docs-rasa-sdk-2-0-0-sdk-actions-5-d-8-4cc"
  },
  "/docs/rasa-sdk/2.0.0/sdk-dispatcher/-9b9": {
    "component": "component---theme-doc-item-178-a40",
    "content": "content---docs-rasa-sdk-2-0-0-sdk-dispatcher-e-84-238"
  },
  "/docs/rasa-sdk/2.0.0/sdk-events/-ce2": {
    "component": "component---theme-doc-item-178-a40",
    "content": "content---docs-rasa-sdk-2-0-0-sdk-events-f-74-20c"
  },
  "/docs/rasa-sdk/2.0.0/sdk-tracker/-cee": {
    "component": "component---theme-doc-item-178-a40",
    "content": "content---docs-rasa-sdk-2-0-0-sdk-tracker-99-f-6d3"
  },
  "/docs/rasa-sdk/2.2.0/-12f": {
    "component": "component---theme-doc-page-1-be-9be",
    "versionMetadata": "versionMetadata---docs-rasa-sdk-2-2-0-a-95-7b6"
  },
  "/docs/rasa-sdk/2.2.0/-b77": {
    "component": "component---theme-doc-item-178-a40",
    "content": "content---docs-rasa-sdk-2-2-0-e-8-f-3cc"
  },
  "/docs/rasa-sdk/2.2.0/about-http-api/-71e": {
    "component": "component---theme-doc-item-178-a40",
    "content": "content---docs-rasa-sdk-2-2-0-about-http-api-e-5-c-3b6"
  },
  "/docs/rasa-sdk/2.2.0/actions/-46f": {
    "component": "component---theme-doc-item-178-a40",
    "content": "content---docs-rasa-sdk-2-2-0-actions-6-bd-4e4"
  },
  "/docs/rasa-sdk/2.2.0/events/-0d1": {
    "component": "component---theme-doc-item-178-a40",
    "content": "content---docs-rasa-sdk-2-2-0-events-548-13f"
  },
  "/docs/rasa-sdk/2.2.0/knowledge-bases/-d8d": {
    "component": "component---theme-doc-item-178-a40",
    "content": "content---docs-rasa-sdk-2-2-0-knowledge-bases-137-e31"
  },
  "/docs/rasa-sdk/2.2.0/rasa-sdk-changelog/-e8a": {
    "component": "component---theme-doc-item-178-a40",
    "content": "content---docs-rasa-sdk-2-2-0-rasa-sdk-changelog-4-fa-e70"
  },
  "/docs/rasa-sdk/2.2.0/running-action-server/-3e3": {
    "component": "component---theme-doc-item-178-a40",
    "content": "content---docs-rasa-sdk-2-2-0-running-action-server-b-73-9a7"
  },
  "/docs/rasa-sdk/2.2.0/sdk-actions/-adb": {
    "component": "component---theme-doc-item-178-a40",
    "content": "content---docs-rasa-sdk-2-2-0-sdk-actions-62-c-34b"
  },
  "/docs/rasa-sdk/2.2.0/sdk-dispatcher/-103": {
    "component": "component---theme-doc-item-178-a40",
    "content": "content---docs-rasa-sdk-2-2-0-sdk-dispatcher-695-efd"
  },
  "/docs/rasa-sdk/2.2.0/sdk-events/-902": {
    "component": "component---theme-doc-item-178-a40",
    "content": "content---docs-rasa-sdk-2-2-0-sdk-events-19-d-09a"
  },
  "/docs/rasa-sdk/2.2.0/sdk-tracker/-3eb": {
    "component": "component---theme-doc-item-178-a40",
    "content": "content---docs-rasa-sdk-2-2-0-sdk-tracker-7-c-5-17b"
  },
  "/docs/rasa-sdk/2.3.0/-0c5": {
    "component": "component---theme-doc-page-1-be-9be",
    "versionMetadata": "versionMetadata---docs-rasa-sdk-2-3-0-df-7-68a"
  },
  "/docs/rasa-sdk/2.3.0/-1bc": {
    "component": "component---theme-doc-item-178-a40",
    "content": "content---docs-rasa-sdk-2-3-0-27-d-6d6"
  },
  "/docs/rasa-sdk/2.3.0/actions/-c6e": {
    "component": "component---theme-doc-item-178-a40",
    "content": "content---docs-rasa-sdk-2-3-0-actions-519-568"
  },
  "/docs/rasa-sdk/2.3.0/events/-61b": {
    "component": "component---theme-doc-item-178-a40",
    "content": "content---docs-rasa-sdk-2-3-0-events-ac-5-3db"
  },
  "/docs/rasa-sdk/2.3.0/knowledge-bases/-70a": {
    "component": "component---theme-doc-item-178-a40",
    "content": "content---docs-rasa-sdk-2-3-0-knowledge-bases-50-d-25e"
  },
  "/docs/rasa-sdk/2.3.0/rasa-sdk-changelog/-0f6": {
    "component": "component---theme-doc-item-178-a40",
    "content": "content---docs-rasa-sdk-2-3-0-rasa-sdk-changelog-434-e8a"
  },
  "/docs/rasa-sdk/2.3.0/running-action-server/-e1f": {
    "component": "component---theme-doc-item-178-a40",
    "content": "content---docs-rasa-sdk-2-3-0-running-action-server-c-78-50e"
  },
  "/docs/rasa-sdk/2.3.0/sdk-actions/-001": {
    "component": "component---theme-doc-item-178-a40",
    "content": "content---docs-rasa-sdk-2-3-0-sdk-actions-de-1-70f"
  },
  "/docs/rasa-sdk/2.3.0/sdk-dispatcher/-4e5": {
    "component": "component---theme-doc-item-178-a40",
    "content": "content---docs-rasa-sdk-2-3-0-sdk-dispatcher-40-c-c8f"
  },
  "/docs/rasa-sdk/2.3.0/sdk-events/-82c": {
    "component": "component---theme-doc-item-178-a40",
    "content": "content---docs-rasa-sdk-2-3-0-sdk-events-628-6ba"
  },
  "/docs/rasa-sdk/2.3.0/sdk-tracker/-273": {
    "component": "component---theme-doc-item-178-a40",
    "content": "content---docs-rasa-sdk-2-3-0-sdk-tracker-33-f-3f7"
  },
  "/docs/rasa-sdk/2.4.0/-e1e": {
    "component": "component---theme-doc-page-1-be-9be",
    "versionMetadata": "versionMetadata---docs-rasa-sdk-2-4-0-3-e-3-763"
  },
  "/docs/rasa-sdk/2.4.0/-a8c": {
    "component": "component---theme-doc-item-178-a40",
    "content": "content---docs-rasa-sdk-2-4-0-613-bcb"
  },
  "/docs/rasa-sdk/2.4.0/actions/-58a": {
    "component": "component---theme-doc-item-178-a40",
    "content": "content---docs-rasa-sdk-2-4-0-actions-ac-2-5a7"
  },
  "/docs/rasa-sdk/2.4.0/events/-6a7": {
    "component": "component---theme-doc-item-178-a40",
    "content": "content---docs-rasa-sdk-2-4-0-events-211-504"
  },
  "/docs/rasa-sdk/2.4.0/knowledge-bases/-553": {
    "component": "component---theme-doc-item-178-a40",
    "content": "content---docs-rasa-sdk-2-4-0-knowledge-bases-654-107"
  },
  "/docs/rasa-sdk/2.4.0/rasa-sdk-changelog/-bfa": {
    "component": "component---theme-doc-item-178-a40",
    "content": "content---docs-rasa-sdk-2-4-0-rasa-sdk-changelog-401-1e2"
  },
  "/docs/rasa-sdk/2.4.0/running-action-server/-616": {
    "component": "component---theme-doc-item-178-a40",
    "content": "content---docs-rasa-sdk-2-4-0-running-action-server-f-55-8dd"
  },
  "/docs/rasa-sdk/2.4.0/sdk-actions/-4c3": {
    "component": "component---theme-doc-item-178-a40",
    "content": "content---docs-rasa-sdk-2-4-0-sdk-actions-1-f-1-37c"
  },
  "/docs/rasa-sdk/2.4.0/sdk-dispatcher/-a63": {
    "component": "component---theme-doc-item-178-a40",
    "content": "content---docs-rasa-sdk-2-4-0-sdk-dispatcher-eee-261"
  },
  "/docs/rasa-sdk/2.4.0/sdk-events/-668": {
    "component": "component---theme-doc-item-178-a40",
    "content": "content---docs-rasa-sdk-2-4-0-sdk-events-4-ee-1e8"
  },
  "/docs/rasa-sdk/2.4.0/sdk-tracker/-7b7": {
    "component": "component---theme-doc-item-178-a40",
    "content": "content---docs-rasa-sdk-2-4-0-sdk-tracker-e-2-f-423"
  },
  "/docs/rasa-sdk/2.5.0/-b4e": {
    "component": "component---theme-doc-page-1-be-9be",
    "versionMetadata": "versionMetadata---docs-rasa-sdk-2-5-0-cd-2-032"
  },
  "/docs/rasa-sdk/2.5.0/-c55": {
    "component": "component---theme-doc-item-178-a40",
    "content": "content---docs-rasa-sdk-2-5-0-ec-1-25a"
  },
  "/docs/rasa-sdk/2.5.0/actions/-cd8": {
    "component": "component---theme-doc-item-178-a40",
    "content": "content---docs-rasa-sdk-2-5-0-actions-3-db-97b"
  },
  "/docs/rasa-sdk/2.5.0/events/-4dd": {
    "component": "component---theme-doc-item-178-a40",
    "content": "content---docs-rasa-sdk-2-5-0-events-286-ca1"
  },
  "/docs/rasa-sdk/2.5.0/knowledge-bases/-f52": {
    "component": "component---theme-doc-item-178-a40",
    "content": "content---docs-rasa-sdk-2-5-0-knowledge-bases-027-0b5"
  },
  "/docs/rasa-sdk/2.5.0/rasa-sdk-changelog/-02c": {
    "component": "component---theme-doc-item-178-a40",
    "content": "content---docs-rasa-sdk-2-5-0-rasa-sdk-changelog-86-e-df0"
  },
  "/docs/rasa-sdk/2.5.0/running-action-server/-57f": {
    "component": "component---theme-doc-item-178-a40",
    "content": "content---docs-rasa-sdk-2-5-0-running-action-server-c-56-9af"
  },
  "/docs/rasa-sdk/2.5.0/sdk-actions/-936": {
    "component": "component---theme-doc-item-178-a40",
    "content": "content---docs-rasa-sdk-2-5-0-sdk-actions-73-b-7dc"
  },
  "/docs/rasa-sdk/2.5.0/sdk-dispatcher/-fd7": {
    "component": "component---theme-doc-item-178-a40",
    "content": "content---docs-rasa-sdk-2-5-0-sdk-dispatcher-e-2-b-ed5"
  },
  "/docs/rasa-sdk/2.5.0/sdk-events/-a15": {
    "component": "component---theme-doc-item-178-a40",
    "content": "content---docs-rasa-sdk-2-5-0-sdk-events-a-91-7d6"
  },
  "/docs/rasa-sdk/2.5.0/sdk-tracker/-896": {
    "component": "component---theme-doc-item-178-a40",
    "content": "content---docs-rasa-sdk-2-5-0-sdk-tracker-dac-ffb"
  },
  "/docs/rasa-sdk/2.6.0/-2fc": {
    "component": "component---theme-doc-page-1-be-9be",
    "versionMetadata": "versionMetadata---docs-rasa-sdk-2-6-0-e-68-faf"
  },
  "/docs/rasa-sdk/2.6.0/-bd4": {
    "component": "component---theme-doc-item-178-a40",
    "content": "content---docs-rasa-sdk-2-6-0-17-b-bbc"
  },
  "/docs/rasa-sdk/2.6.0/actions/-dd3": {
    "component": "component---theme-doc-item-178-a40",
    "content": "content---docs-rasa-sdk-2-6-0-actions-cb-1-6e0"
  },
  "/docs/rasa-sdk/2.6.0/events/-e09": {
    "component": "component---theme-doc-item-178-a40",
    "content": "content---docs-rasa-sdk-2-6-0-events-2-e-7-860"
  },
  "/docs/rasa-sdk/2.6.0/knowledge-bases/-0a9": {
    "component": "component---theme-doc-item-178-a40",
    "content": "content---docs-rasa-sdk-2-6-0-knowledge-bases-241-f75"
  },
  "/docs/rasa-sdk/2.6.0/rasa-sdk-changelog/-ecc": {
    "component": "component---theme-doc-item-178-a40",
    "content": "content---docs-rasa-sdk-2-6-0-rasa-sdk-changelog-5-de-9af"
  },
  "/docs/rasa-sdk/2.6.0/running-action-server/-dbf": {
    "component": "component---theme-doc-item-178-a40",
    "content": "content---docs-rasa-sdk-2-6-0-running-action-server-28-c-592"
  },
  "/docs/rasa-sdk/2.6.0/sdk-actions/-db7": {
    "component": "component---theme-doc-item-178-a40",
    "content": "content---docs-rasa-sdk-2-6-0-sdk-actions-9-c-4-ead"
  },
  "/docs/rasa-sdk/2.6.0/sdk-dispatcher/-dc4": {
    "component": "component---theme-doc-item-178-a40",
    "content": "content---docs-rasa-sdk-2-6-0-sdk-dispatcher-797-64d"
  },
  "/docs/rasa-sdk/2.6.0/sdk-events/-635": {
    "component": "component---theme-doc-item-178-a40",
    "content": "content---docs-rasa-sdk-2-6-0-sdk-events-69-e-b10"
  },
  "/docs/rasa-sdk/2.6.0/sdk-tracker/-672": {
    "component": "component---theme-doc-item-178-a40",
    "content": "content---docs-rasa-sdk-2-6-0-sdk-tracker-378-ff5"
  },
  "/docs/rasa-sdk/2.7.0/-d1c": {
    "component": "component---theme-doc-page-1-be-9be",
    "versionMetadata": "versionMetadata---docs-rasa-sdk-2-7-0-fb-2-994"
  },
  "/docs/rasa-sdk/2.7.0/-1d5": {
    "component": "component---theme-doc-item-178-a40",
    "content": "content---docs-rasa-sdk-2-7-0-19-e-660"
  },
  "/docs/rasa-sdk/2.7.0/actions/-eaa": {
    "component": "component---theme-doc-item-178-a40",
    "content": "content---docs-rasa-sdk-2-7-0-actions-27-c-1f2"
  },
  "/docs/rasa-sdk/2.7.0/events/-f31": {
    "component": "component---theme-doc-item-178-a40",
    "content": "content---docs-rasa-sdk-2-7-0-events-b-30-49d"
  },
  "/docs/rasa-sdk/2.7.0/knowledge-bases/-54b": {
    "component": "component---theme-doc-item-178-a40",
    "content": "content---docs-rasa-sdk-2-7-0-knowledge-bases-5-a-4-170"
  },
  "/docs/rasa-sdk/2.7.0/rasa-sdk-changelog/-4cf": {
    "component": "component---theme-doc-item-178-a40",
    "content": "content---docs-rasa-sdk-2-7-0-rasa-sdk-changelog-313-15f"
  },
  "/docs/rasa-sdk/2.7.0/running-action-server/-722": {
    "component": "component---theme-doc-item-178-a40",
    "content": "content---docs-rasa-sdk-2-7-0-running-action-server-07-a-3f0"
  },
  "/docs/rasa-sdk/2.7.0/sdk-actions/-25b": {
    "component": "component---theme-doc-item-178-a40",
    "content": "content---docs-rasa-sdk-2-7-0-sdk-actions-e-63-7a8"
  },
  "/docs/rasa-sdk/2.7.0/sdk-dispatcher/-4ac": {
    "component": "component---theme-doc-item-178-a40",
    "content": "content---docs-rasa-sdk-2-7-0-sdk-dispatcher-aad-f5a"
  },
  "/docs/rasa-sdk/2.7.0/sdk-events/-e91": {
    "component": "component---theme-doc-item-178-a40",
    "content": "content---docs-rasa-sdk-2-7-0-sdk-events-45-a-a00"
  },
  "/docs/rasa-sdk/2.7.0/sdk-tracker/-b6f": {
    "component": "component---theme-doc-item-178-a40",
    "content": "content---docs-rasa-sdk-2-7-0-sdk-tracker-41-b-534"
  },
  "/docs/rasa-sdk/2.8.0/-f36": {
    "component": "component---theme-doc-page-1-be-9be",
    "versionMetadata": "versionMetadata---docs-rasa-sdk-2-8-0-120-c33"
  },
  "/docs/rasa-sdk/2.8.0/-c62": {
    "component": "component---theme-doc-item-178-a40",
    "content": "content---docs-rasa-sdk-2-8-0-fb-8-ab4"
  },
  "/docs/rasa-sdk/2.8.0/actions/-e0b": {
    "component": "component---theme-doc-item-178-a40",
    "content": "content---docs-rasa-sdk-2-8-0-actions-8-e-1-40e"
  },
  "/docs/rasa-sdk/2.8.0/events/-7c7": {
    "component": "component---theme-doc-item-178-a40",
    "content": "content---docs-rasa-sdk-2-8-0-events-8-ec-059"
  },
  "/docs/rasa-sdk/2.8.0/knowledge-bases/-8a3": {
    "component": "component---theme-doc-item-178-a40",
    "content": "content---docs-rasa-sdk-2-8-0-knowledge-bases-1-b-6-8ab"
  },
  "/docs/rasa-sdk/2.8.0/rasa-sdk-changelog/-6ed": {
    "component": "component---theme-doc-item-178-a40",
    "content": "content---docs-rasa-sdk-2-8-0-rasa-sdk-changelog-5-f-3-874"
  },
  "/docs/rasa-sdk/2.8.0/running-action-server/-f43": {
    "component": "component---theme-doc-item-178-a40",
    "content": "content---docs-rasa-sdk-2-8-0-running-action-server-a-1-b-dee"
  },
  "/docs/rasa-sdk/2.8.0/sdk-actions/-1e3": {
    "component": "component---theme-doc-item-178-a40",
    "content": "content---docs-rasa-sdk-2-8-0-sdk-actions-8-d-1-cb3"
  },
  "/docs/rasa-sdk/2.8.0/sdk-dispatcher/-1a1": {
    "component": "component---theme-doc-item-178-a40",
    "content": "content---docs-rasa-sdk-2-8-0-sdk-dispatcher-e-64-99d"
  },
  "/docs/rasa-sdk/2.8.0/sdk-events/-ac9": {
    "component": "component---theme-doc-item-178-a40",
    "content": "content---docs-rasa-sdk-2-8-0-sdk-events-724-19a"
  },
  "/docs/rasa-sdk/2.8.0/sdk-tracker/-0c1": {
    "component": "component---theme-doc-item-178-a40",
    "content": "content---docs-rasa-sdk-2-8-0-sdk-tracker-36-e-64b"
  },
  "/docs/rasa-sdk/-d80": {
    "component": "component---theme-doc-page-1-be-9be",
    "versionMetadata": "versionMetadata---docs-rasa-sdk-5-dd-5b8"
  },
  "/docs/rasa-sdk/-5f2": {
    "component": "component---theme-doc-item-178-a40",
    "content": "content---docs-rasa-sdk-efa-1e1"
  },
  "/docs/rasa-sdk/actions/-844": {
    "component": "component---theme-doc-item-178-a40",
    "content": "content---docs-rasa-sdk-actions-05-f-f62"
  },
  "/docs/rasa-sdk/deploy-action-server/-271": {
    "component": "component---theme-doc-item-178-a40",
    "content": "content---docs-rasa-sdk-deploy-action-server-859-54c"
  },
  "/docs/rasa-sdk/events/-089": {
    "component": "component---theme-doc-item-178-a40",
    "content": "content---docs-rasa-sdk-events-f-7-e-bb6"
  },
  "/docs/rasa-sdk/knowledge-bases/-554": {
    "component": "component---theme-doc-item-178-a40",
    "content": "content---docs-rasa-sdk-knowledge-bases-f-4-c-717"
  },
  "/docs/rasa-sdk/rasa-sdk-changelog/-d8c": {
    "component": "component---theme-doc-item-178-a40",
    "content": "content---docs-rasa-sdk-rasa-sdk-changelog-cc-7-76d"
  },
  "/docs/rasa-sdk/running-action-server/-056": {
    "component": "component---theme-doc-item-178-a40",
    "content": "content---docs-rasa-sdk-running-action-server-320-51b"
  },
  "/docs/rasa-sdk/sdk-actions/-1e4": {
    "component": "component---theme-doc-item-178-a40",
    "content": "content---docs-rasa-sdk-sdk-actions-7-d-1-a65"
  },
  "/docs/rasa-sdk/sdk-dispatcher/-6d8": {
    "component": "component---theme-doc-item-178-a40",
    "content": "content---docs-rasa-sdk-sdk-dispatcher-783-3c1"
  },
  "/docs/rasa-sdk/sdk-events/-6bd": {
    "component": "component---theme-doc-item-178-a40",
    "content": "content---docs-rasa-sdk-sdk-events-6-c-6-d81"
  },
  "/docs/rasa-sdk/sdk-tracker/-b8a": {
    "component": "component---theme-doc-item-178-a40",
    "content": "content---docs-rasa-sdk-sdk-tracker-c-2-d-f34"
  },
  "/docs/rasa-sdk/validation-action/-ae9": {
    "component": "component---theme-doc-item-178-a40",
    "content": "content---docs-rasa-sdk-validation-action-9-ae-767"
  }
}