{
  "unversionedId": "events",
  "id": "version-2.2.0/events",
  "title": "Events",
  "description": "Conversations in Rasa are represented as a sequence of events. Custom actions can",
  "source": "@site/versioned_docs/version-2.2.0/events.mdx",
  "sourceDirName": ".",
  "slug": "/events",
  "permalink": "/docs/rasa-sdk/2.2.0/events",
  "editUrl": "https://github.com/RasaHQ/rasa-sdk/tree/main/docs/versioned_docs/version-2.2.0/events.mdx",
  "tags": [],
  "version": "2.2.0",
  "frontMatter": {
    "id": "events",
    "sidebar_label": "Events",
    "title": "Events"
  },
  "sidebar": "version-2.2.0/someSidebar",
  "previous": {
    "title": "Actions",
    "permalink": "/docs/rasa-sdk/2.2.0/actions"
  },
  "next": {
    "title": "Running a Rasa SDK Server",
    "permalink": "/docs/rasa-sdk/2.2.0/running-action-server"
  }
}