{
  "unversionedId": "about-http-api",
  "id": "version-2.0.0/about-http-api",
  "title": "About the HTTP API",
  "description": "Rasa communicates with the action server via REST calls. An action server",
  "source": "@site/versioned_docs/version-2.0.0/http-api.mdx",
  "sourceDirName": ".",
  "slug": "/about-http-api",
  "permalink": "/docs/rasa-sdk/2.0.0/about-http-api",
  "editUrl": "https://github.com/RasaHQ/rasa-sdk/tree/main/docs/versioned_docs/version-2.0.0/http-api.mdx",
  "tags": [],
  "version": "2.0.0",
  "frontMatter": {
    "id": "about-http-api",
    "sidebar_label": "About the HTTP API",
    "title": "About the HTTP API"
  },
  "sidebar": "version-2.0.0/someSidebar",
  "previous": {
    "title": "Rasa SDK Change Log",
    "permalink": "/docs/rasa-sdk/2.0.0/rasa-sdk-changelog"
  }
}