{
  "unversionedId": "rasa-sdk-changelog",
  "id": "version-3.x/rasa-sdk-changelog",
  "title": "Rasa SDK Change Log",
  "description": "All notable changes to this project will be documented in this file.",
  "source": "@site/versioned_docs/version-3.x/changelog.mdx",
  "sourceDirName": ".",
  "slug": "/rasa-sdk-changelog",
  "permalink": "/docs/rasa-sdk/rasa-sdk-changelog",
  "editUrl": "https://github.com/RasaHQ/rasa-sdk/tree/main/docs/versioned_docs/version-3.x/changelog.mdx",
  "tags": [],
  "version": "3.x",
  "frontMatter": {
    "id": "rasa-sdk-changelog",
    "sidebar_label": "Rasa SDK Change Log",
    "title": "Rasa SDK Change Log"
  },
  "sidebar": "version-3.x/someSidebar",
  "previous": {
    "title": "Slot Validation Actions",
    "permalink": "/docs/rasa-sdk/validation-action"
  }
}