{
  "unversionedId": "sdk-tracker",
  "id": "version-3.x/sdk-tracker",
  "title": "Tracker",
  "description": "The Tracker class represents a Rasa conversation tracker.",
  "source": "@site/versioned_docs/version-3.x/sdk-tracker.mdx",
  "sourceDirName": ".",
  "slug": "/sdk-tracker",
  "permalink": "/docs/rasa-sdk/sdk-tracker",
  "editUrl": "https://github.com/RasaHQ/rasa-sdk/tree/main/docs/versioned_docs/version-3.x/sdk-tracker.mdx",
  "tags": [],
  "version": "3.x",
  "frontMatter": {
    "id": "sdk-tracker",
    "sidebar_label": "Tracker",
    "title": "Tracker"
  },
  "sidebar": "version-3.x/someSidebar",
  "previous": {
    "title": "Actions",
    "permalink": "/docs/rasa-sdk/sdk-actions"
  },
  "next": {
    "title": "Dispatcher",
    "permalink": "/docs/rasa-sdk/sdk-dispatcher"
  }
}