{
  "unversionedId": "actions",
  "id": "version-2.2.0/actions",
  "title": "Actions",
  "description": "When a Rasa Open Source assistant calls a custom action, it sends a request to the action server.",
  "source": "@site/versioned_docs/version-2.2.0/actions.mdx",
  "sourceDirName": ".",
  "slug": "/actions",
  "permalink": "/docs/rasa-sdk/2.2.0/actions",
  "editUrl": "https://github.com/RasaHQ/rasa-sdk/tree/main/docs/versioned_docs/version-2.2.0/actions.mdx",
  "tags": [],
  "version": "2.2.0",
  "frontMatter": {
    "id": "actions",
    "sidebar_label": "Actions",
    "title": "Actions"
  },
  "sidebar": "version-2.2.0/someSidebar",
  "previous": {
    "title": "Introduction",
    "permalink": "/docs/rasa-sdk/2.2.0/"
  },
  "next": {
    "title": "Events",
    "permalink": "/docs/rasa-sdk/2.2.0/events"
  }
}