{
  "unversionedId": "sdk-actions",
  "id": "version-2.5.0/sdk-actions",
  "title": "Actions",
  "description": "The Action class is the base class for any custom action. To",
  "source": "@site/versioned_docs/version-2.5.0/sdk-actions.mdx",
  "sourceDirName": ".",
  "slug": "/sdk-actions",
  "permalink": "/docs/rasa-sdk/2.5.0/sdk-actions",
  "editUrl": "https://github.com/RasaHQ/rasa-sdk/tree/main/docs/versioned_docs/version-2.5.0/sdk-actions.mdx",
  "tags": [],
  "version": "2.5.0",
  "frontMatter": {
    "id": "sdk-actions",
    "sidebar_label": "Actions",
    "title": "Actions"
  },
  "sidebar": "version-2.5.0/someSidebar",
  "previous": {
    "title": "Running a Rasa SDK Server",
    "permalink": "/docs/rasa-sdk/2.5.0/running-action-server"
  },
  "next": {
    "title": "Tracker",
    "permalink": "/docs/rasa-sdk/2.5.0/sdk-tracker"
  }
}