{
  "unversionedId": "running-action-server",
  "id": "version-2.0.0/running-action-server",
  "title": "Running a Rasa SDK Action Server",
  "description": "There are two ways to run the action server, depending on whether you",
  "source": "@site/versioned_docs/version-2.0.0/running-action-server.mdx",
  "sourceDirName": ".",
  "slug": "/running-action-server",
  "permalink": "/docs/rasa-sdk/2.0.0/running-action-server",
  "editUrl": "https://github.com/RasaHQ/rasa-sdk/tree/main/docs/versioned_docs/version-2.0.0/running-action-server.mdx",
  "tags": [],
  "version": "2.0.0",
  "frontMatter": {
    "id": "running-action-server",
    "sidebar_label": "Running a Rasa SDK Server",
    "title": "Running a Rasa SDK Action Server"
  },
  "sidebar": "version-2.0.0/someSidebar",
  "previous": {
    "title": "Events",
    "permalink": "/docs/rasa-sdk/2.0.0/events"
  },
  "next": {
    "title": "Actions",
    "permalink": "/docs/rasa-sdk/2.0.0/sdk-actions"
  }
}