{
  "unversionedId": "knowledge-bases",
  "id": "version-2.8.0/knowledge-bases",
  "title": "Knowledge Base Actions",
  "description": "This feature is experimental.",
  "source": "@site/versioned_docs/version-2.8.0/knowledge-base-actions.mdx",
  "sourceDirName": ".",
  "slug": "/knowledge-bases",
  "permalink": "/docs/rasa-sdk/2.8.0/knowledge-bases",
  "editUrl": "https://github.com/RasaHQ/rasa-sdk/tree/main/docs/versioned_docs/version-2.8.0/knowledge-base-actions.mdx",
  "tags": [],
  "version": "2.8.0",
  "frontMatter": {
    "id": "knowledge-bases",
    "sidebar_label": "Knowledge Base Actions",
    "title": "Knowledge Base Actions",
    "abstract": "Leverage information from knowledge bases inside conversations using `ActionQueryKnowledgeBase` in open source bot framework Rasa."
  },
  "sidebar": "version-2.8.0/someSidebar",
  "previous": {
    "title": "Events",
    "permalink": "/docs/rasa-sdk/2.8.0/sdk-events"
  },
  "next": {
    "title": "Rasa SDK Change Log",
    "permalink": "/docs/rasa-sdk/2.8.0/rasa-sdk-changelog"
  }
}