{
  "unversionedId": "rasa-sdk-changelog",
  "id": "version-2.6.0/rasa-sdk-changelog",
  "title": "Rasa SDK Change Log",
  "description": "All notable changes to this project will be documented in this file.",
  "source": "@site/versioned_docs/version-2.6.0/changelog.mdx",
  "sourceDirName": ".",
  "slug": "/rasa-sdk-changelog",
  "permalink": "/docs/rasa-sdk/2.6.0/rasa-sdk-changelog",
  "editUrl": "https://github.com/RasaHQ/rasa-sdk/tree/main/docs/versioned_docs/version-2.6.0/changelog.mdx",
  "tags": [],
  "version": "2.6.0",
  "frontMatter": {
    "id": "rasa-sdk-changelog",
    "sidebar_label": "Rasa SDK Change Log",
    "title": "Rasa SDK Change Log"
  },
  "sidebar": "version-2.6.0/someSidebar",
  "previous": {
    "title": "Knowledge Base Actions",
    "permalink": "/docs/rasa-sdk/2.6.0/knowledge-bases"
  }
}