{
  "unversionedId": "knowledge-bases",
  "id": "version-3.x/knowledge-bases",
  "title": "Knowledge Base Actions",
  "description": "This feature is experimental.",
  "source": "@site/versioned_docs/version-3.x/knowledge-base-actions.mdx",
  "sourceDirName": ".",
  "slug": "/knowledge-bases",
  "permalink": "/docs/rasa-sdk/knowledge-bases",
  "editUrl": "https://github.com/RasaHQ/rasa-sdk/tree/main/docs/versioned_docs/version-3.x/knowledge-base-actions.mdx",
  "tags": [],
  "version": "3.x",
  "frontMatter": {
    "id": "knowledge-bases",
    "sidebar_label": "Knowledge Base Actions",
    "title": "Knowledge Base Actions",
    "abstract": "Leverage information from knowledge bases inside conversations using `ActionQueryKnowledgeBase` in open source bot framework Rasa."
  },
  "sidebar": "version-3.x/someSidebar",
  "previous": {
    "title": "Events",
    "permalink": "/docs/rasa-sdk/sdk-events"
  },
  "next": {
    "title": "Slot Validation Actions",
    "permalink": "/docs/rasa-sdk/validation-action"
  }
}