{
  "unversionedId": "index",
  "id": "version-2.3.0/index",
  "title": "Introduction to Rasa Action Servers",
  "description": "A Rasa action server runs custom actions for a Rasa Open Source",
  "source": "@site/versioned_docs/version-2.3.0/index.mdx",
  "sourceDirName": ".",
  "slug": "/",
  "permalink": "/docs/rasa-sdk/2.3.0/",
  "editUrl": "https://github.com/RasaHQ/rasa-sdk/tree/main/docs/versioned_docs/version-2.3.0/index.mdx",
  "tags": [],
  "version": "2.3.0",
  "frontMatter": {
    "slug": "/",
    "sidebar_label": "Introduction",
    "title": "Introduction to Rasa Action Servers"
  },
  "sidebar": "version-2.3.0/someSidebar",
  "next": {
    "title": "Actions",
    "permalink": "/docs/rasa-sdk/2.3.0/actions"
  }
}