{
  "unversionedId": "deploy-action-server",
  "id": "version-3.x/deploy-action-server",
  "title": "Deploy Rasa Action Server",
  "description": "The Rasa Action Server chart is open source and available in the",
  "source": "@site/versioned_docs/version-3.x/deploy-action-server.mdx",
  "sourceDirName": ".",
  "slug": "/deploy-action-server",
  "permalink": "/docs/rasa-sdk/deploy-action-server",
  "editUrl": "https://github.com/RasaHQ/rasa-sdk/tree/main/docs/versioned_docs/version-3.x/deploy-action-server.mdx",
  "tags": [],
  "version": "3.x",
  "frontMatter": {
    "id": "deploy-action-server",
    "sidebar_label": "Deploy Action Server",
    "title": "Deploy Rasa Action Server",
    "abstract": "This page explains how to build an Action Server Image and deploy a Rasa Action Server using Helm. The second of three steps in deploying your Rasa assistant."
  }
}