{
  "unversionedId": "sdk-dispatcher",
  "id": "version-2.8.0/sdk-dispatcher",
  "title": "Dispatcher",
  "description": "A dispatcher is an instance of the CollectingDispatcher class used to generate responses to send back to the user.",
  "source": "@site/versioned_docs/version-2.8.0/sdk-dispatcher.mdx",
  "sourceDirName": ".",
  "slug": "/sdk-dispatcher",
  "permalink": "/docs/rasa-sdk/2.8.0/sdk-dispatcher",
  "editUrl": "https://github.com/RasaHQ/rasa-sdk/tree/main/docs/versioned_docs/version-2.8.0/sdk-dispatcher.mdx",
  "tags": [],
  "version": "2.8.0",
  "frontMatter": {
    "id": "sdk-dispatcher",
    "sidebar_label": "Dispatcher",
    "title": "Dispatcher"
  },
  "sidebar": "version-2.8.0/someSidebar",
  "previous": {
    "title": "Tracker",
    "permalink": "/docs/rasa-sdk/2.8.0/sdk-tracker"
  },
  "next": {
    "title": "Events",
    "permalink": "/docs/rasa-sdk/2.8.0/sdk-events"
  }
}