{
  "unversionedId": "sdk-events",
  "id": "version-2.4.0/sdk-events",
  "title": "Events",
  "description": "Internally, Rasa conversations are represented as",
  "source": "@site/versioned_docs/version-2.4.0/sdk-events.mdx",
  "sourceDirName": ".",
  "slug": "/sdk-events",
  "permalink": "/docs/rasa-sdk/2.4.0/sdk-events",
  "editUrl": "https://github.com/RasaHQ/rasa-sdk/tree/main/docs/versioned_docs/version-2.4.0/sdk-events.mdx",
  "tags": [],
  "version": "2.4.0",
  "frontMatter": {
    "id": "sdk-events",
    "sidebar_label": "Events",
    "title": "Events"
  },
  "sidebar": "version-2.4.0/someSidebar",
  "previous": {
    "title": "Dispatcher",
    "permalink": "/docs/rasa-sdk/2.4.0/sdk-dispatcher"
  },
  "next": {
    "title": "Knowledge Base Actions",
    "permalink": "/docs/rasa-sdk/2.4.0/knowledge-bases"
  }
}