{
  "pluginId": "default",
  "version": "2.6.0",
  "label": "2.6.0",
  "banner": "unmaintained",
  "badge": true,
  "className": "docs-version-2.6.0",
  "isLast": false,
  "docsSidebars": {
    "version-2.6.0/someSidebar": [
      {
        "collapsed": true,
        "type": "category",
        "label": "Intro",
        "items": [
          {
            "type": "link",
            "label": "Introduction",
            "href": "/docs/rasa-sdk/2.6.0/",
            "docId": "index"
          }
        ],
        "collapsible": true
      },
      {
        "collapsed": true,
        "type": "category",
        "label": "All Action Servers",
        "items": [
          {
            "type": "link",
            "label": "Actions",
            "href": "/docs/rasa-sdk/2.6.0/actions",
            "docId": "actions"
          },
          {
            "type": "link",
            "label": "Events",
            "href": "/docs/rasa-sdk/2.6.0/events",
            "docId": "events"
          }
        ],
        "collapsible": true
      },
      {
        "collapsed": true,
        "type": "category",
        "label": "Rasa SDK",
        "items": [
          {
            "type": "link",
            "label": "Running a Rasa SDK Server",
            "href": "/docs/rasa-sdk/2.6.0/running-action-server",
            "docId": "running-action-server"
          },
          {
            "collapsed": true,
            "type": "category",
            "label": "Writing Custom Actions",
            "items": [
              {
                "type": "link",
                "label": "Actions",
                "href": "/docs/rasa-sdk/2.6.0/sdk-actions",
                "docId": "sdk-actions"
              },
              {
                "type": "link",
                "label": "Tracker",
                "href": "/docs/rasa-sdk/2.6.0/sdk-tracker",
                "docId": "sdk-tracker"
              },
              {
                "type": "link",
                "label": "Dispatcher",
                "href": "/docs/rasa-sdk/2.6.0/sdk-dispatcher",
                "docId": "sdk-dispatcher"
              },
              {
                "type": "link",
                "label": "Events",
                "href": "/docs/rasa-sdk/2.6.0/sdk-events",
                "docId": "sdk-events"
              },
              {
                "collapsed": true,
                "type": "category",
                "label": "Special Action Types",
                "items": [
                  {
                    "type": "link",
                    "label": "Knowledge Base Actions",
                    "href": "/docs/rasa-sdk/2.6.0/knowledge-bases",
                    "docId": "knowledge-bases"
                  }
                ],
                "collapsible": true
              }
            ],
            "collapsible": true
          },
          {
            "type": "link",
            "label": "Rasa SDK Change Log",
            "href": "/docs/rasa-sdk/2.6.0/rasa-sdk-changelog",
            "docId": "rasa-sdk-changelog"
          }
        ],
        "collapsible": true
      }
    ]
  },
  "docs": {
    "actions": {
      "id": "actions",
      "title": "Actions",
      "description": "When a Rasa Open Source assistant calls a custom action, it sends a request to the action server.",
      "sidebar": "version-2.6.0/someSidebar"
    },
    "events": {
      "id": "events",
      "title": "Events",
      "description": "Conversations in Rasa are represented as a sequence of events. Custom actions can",
      "sidebar": "version-2.6.0/someSidebar"
    },
    "index": {
      "id": "index",
      "title": "Introduction to Rasa Action Servers",
      "description": "A Rasa action server runs custom actions for a Rasa Open Source",
      "sidebar": "version-2.6.0/someSidebar"
    },
    "knowledge-bases": {
      "id": "knowledge-bases",
      "title": "Knowledge Base Actions",
      "description": "This feature is experimental.",
      "sidebar": "version-2.6.0/someSidebar"
    },
    "rasa-sdk-changelog": {
      "id": "rasa-sdk-changelog",
      "title": "Rasa SDK Change Log",
      "description": "All notable changes to this project will be documented in this file.",
      "sidebar": "version-2.6.0/someSidebar"
    },
    "running-action-server": {
      "id": "running-action-server",
      "title": "Running a Rasa SDK Action Server",
      "description": "There are two ways to run the action server, depending on whether you",
      "sidebar": "version-2.6.0/someSidebar"
    },
    "sdk-actions": {
      "id": "sdk-actions",
      "title": "Actions",
      "description": "The Action class is the base class for any custom action. To",
      "sidebar": "version-2.6.0/someSidebar"
    },
    "sdk-dispatcher": {
      "id": "sdk-dispatcher",
      "title": "Dispatcher",
      "description": "A dispatcher is an instance of the CollectingDispatcher class used to generate responses to send back to the user.",
      "sidebar": "version-2.6.0/someSidebar"
    },
    "sdk-events": {
      "id": "sdk-events",
      "title": "Events",
      "description": "Internally, Rasa conversations are represented as",
      "sidebar": "version-2.6.0/someSidebar"
    },
    "sdk-tracker": {
      "id": "sdk-tracker",
      "title": "Tracker",
      "description": "The Tracker class represents a Rasa conversation tracker.",
      "sidebar": "version-2.6.0/someSidebar"
    }
  }
}